Id,SalePrice,SalePrice_Lower,SalePrice_Upper
1461,119859.62409058739,96965.7254545002,148158.7851226433
1462,158565.44357434256,128278.56567912795,196003.07044335795
1463,180389.062328408,145933.77867509742,222979.25790886895
1464,196687.36262607807,159119.03298467578,243125.59611032958
1465,189006.44685725367,152905.2054141482,233631.21179113834
1466,172199.4101923978,139308.3855882052,212856.02427892026
1467,179784.69592663553,145444.84887517992,222232.20025835745
1468,163874.56740590124,132573.6238509394,202565.68140956442
1469,194640.77859190188,157463.35537021965,240595.8124299959
1470,120664.91156639192,97617.19953258667,149154.20142622426
1471,185145.4149047162,149781.64729693197,228858.58801431506
1472,98776.7187730164,79909.7464186571,122098.19395425769
1473,96142.34037196232,77778.5457086957,118841.83732510381
1474,151265.59455510712,122373.0194576054,186979.7229485188
1475,117179.84369277928,94797.79472592144,144846.30705966367
1476,379765.476623268,307228.4338107249,469428.5562048995
1477,245175.9494897467,198346.0896244991,303062.36571360024
1478,282720.5018802516,228719.46980322018,349471.2081245907
1479,282184.3836701726,228285.7524946185,348808.5121023706
1480,516606.8573949466,417932.5178314596,525000.0
1481,344107.0980613248,278380.96008528053,425351.21432850044
1482,210445.88766055924,170249.62011284818,260132.516674773
1483,174827.15538051268,141434.22005764485,216104.18158981428
1484,166502.24388483682,134699.40273495077,205813.75378900312
1485,183146.0785300697,148164.19283428023,226387.2071926064
1486,196024.90472540684,158583.10741389781,242306.7315252255
1487,342017.88645050745,276690.79694605496,422768.73867660924
1488,229788.9929941464,185898.10850134405,284042.5401005061
1489,189381.93332517042,153208.97233946342,234095.35082616424
1490,227928.9270768899,184393.32323517048,281743.311569822
1491,189976.92362041963,153690.31690983643,234830.81866610772
1492,97812.08829938335,79129.36454586519,120905.81368108132
1493,176180.00299941006,142528.66791855582,217776.4372954748
1494,293831.7865287061,237708.45093132777,363205.87335299246
1495,304692.32094210933,246494.57620594432,376630.58607425104
1496,231435.1236115934,187229.82103709382,286077.3230862882
1497,182526.34915762668,147662.83445766813,225621.15936537372
1498,165834.37197586213,134159.09725491772,204988.19694517797
1499,160226.28156020862,129622.1764121921,198056.033215548
1500,152745.87517903565,123570.56006733565,188809.49866365863
1501,171767.1009005095,138958.6492445476,212321.6465190958
1502,152161.67721667266,123097.94644749738,188087.37123249017
1503,292366.5031296236,236523.04301150516,361394.6357159537
1504,242712.45026672052,196353.12942903058,300017.23293290066
1505,225758.8404028118,182637.73252025174,279060.8662065647
1506,187175.5749833226,151424.03800250794,231368.07003389444
1507,252051.0703848125,203908.03263419427,311560.706534313
1508,199408.74585303228,161320.62022174135,246489.49945390946
1509,154610.47755922907,125079.01531236572,191114.33471874072
1510,141136.109870121,114178.3102451598,174458.66120937417
1511,142071.74071132464,114935.23154099078,175615.19502052874
1512,173490.2315952547,140352.65450913974,214451.6093439075
1513,137854.01020521525,111523.10583974395,170401.6559602106
1514,157818.59624490625,127674.36942619384,195079.89203770342
1515,192451.83613915317,155692.51041207084,237890.0594280761
1516,150971.0497449364,122134.73398263333,186615.63594233984
1517,168534.3004643255,136343.3277015217,208325.580074394
1518,137558.1724849689,111283.77440612373,170035.97078715704
1519,203903.30575418228,164956.69970389252,252045.2274857605
1520,130685.03245769268,105723.43390988593,161540.0785182376
1521,129137.46308922765,104471.45699743193,159627.12714797878
1522,170798.02388180682,138174.67013606412,211123.7698690479
1523,113812.82290122993,92073.8894970699,140684.33075790168
1524,124176.48729989494,100458.04908302726,153494.8621733641
1525,123195.95416086646,99664.80202284713,152282.8246065123
1526,117426.46957537852,94997.31399615236,145151.1614524121
1527,112337.08906153652,90880.02721608164,138860.1753253224
1528,137164.05855883178,110964.93794783321,169548.80634050618
1529,144943.8287825319,117258.73834395401,179165.38470719155
1530,183623.64297870483,148550.54040362575,226977.52487724085
1531,111679.33042273567,90347.90332779182,138047.11950047
1532,105166.56303291532,85079.10273352457,129996.6840522091
1533,144991.82836755013,117297.56980022005,179224.71702133756
1534,120559.45226892157,97531.88341795755,149023.84312906917
1535,148945.44653875683,120496.02976710278,184111.7866753405
1536,114894.88949385709,92949.27668120025,142021.87388408187
1537,63147.685240460676,51086.01269481594,78057.12548525535
1538,153549.75797313717,124220.89776401182,189803.17863939327
1539,189236.24043428374,153091.10742211906,233915.25976146766
1540,91850.04686474736,74306.09886268491,113536.13089701401
1541,136472.10089010673,110405.14719254158,168693.4770754526
1542,133203.13656339733,107760.56921880253,164652.70842525095
1543,182835.09965860046,147912.61227493727,226002.8060339762
1544,87368.04260527341,70680.17684023782,107995.92290092882
1545,110228.91099521128,89174.52029654433,136254.25522706768
1546,127152.51781562307,102865.64487315703,157173.53517439458
1547,131817.79832432614,106639.83658697412,162940.2910456464
1548,130565.84987312657,105627.01571546835,161392.75685815405
1549,111678.07916858529,90346.89106860667,138045.57282450816
1550,133003.49235801114,107599.0579218345,164405.9281102357
1551,116959.6549773064,94619.66300932618,144574.13166412897
1552,134814.1091448814,109063.83905582115,166644.03254292582
1553,145225.35753181524,117486.49388207532,179513.38255315757
1554,120091.53132951107,97153.33740578312,148445.44579163293
1555,163025.94508482877,131887.0920708295,201516.698879277
1556,91490.43195311818,74015.17195762444,113091.61070167772
1557,101369.18168604205,82007.03768045083,125302.7388249903
1558,94200.52043098363,76207.62179162474,116441.55259953094
1559,81690.72672705952,66087.25289830023,100978.18953793697
1560,137574.40658943975,111296.90772628761,170056.03777286073
1561,126762.57883482169,102550.18592755034,156691.5313800308
1562,133566.53095088375,108054.55370345255,165101.9004328286
1563,120168.80446341116,97215.85103623306,148540.9631560823
1564,156844.35939313818,126886.21603512144,193875.63731508976
1565,141704.7302115455,114638.32163716693,175161.53313450405
1566,238322.29561709007,192801.51334290224,294590.5602914097
1567,76243.13678548219,61680.17624354828,94244.42053494582
1568,227101.16220942515,183723.6650446402,280720.1109497171
1569,132634.75411058386,107300.75027765079,163950.13055436753
1570,139678.59509492508,112999.18710839484,172657.02637270838
1571,121344.96789340102,98167.36215400643,149994.8194360622
1572,143112.0465967035,115776.8344939338,176901.11771289736
1573,228029.7584522403,184474.8953808604,281867.9492898313
1574,119505.47374444688,96679.21935923852,147721.0196797934
1575,238989.46273762258,193341.24865213982,295415.24594584346
1576,239721.08380170164,193933.12692238533,296319.60315629176
1577,184373.09943733294,149156.84743076895,227903.9284289627
1578,147894.4232430126,119645.75647561975,182812.6161859672
1579,142430.81734400045,115225.72298071068,176059.0498489468
1580,189449.68621546726,153263.7841340958,234179.10021211964
1581,156991.2524381679,127005.05187196647,194057.21189100022
1582,131123.39430762405,106078.06674677068,162081.93784847693
1583,316153.99517158995,255767.02098663396,390798.3680616214
1584,226563.37517057772,183288.59766079695,280055.35208731407
1585,142132.1249304935,114984.08211261392,175689.83598794183
1586,75711.33912174919,61249.95423821676,93587.06514250388
1587,100990.75827517468,81700.89478101625,124834.9694331247
1588,147342.56497421785,119199.30552772901,182130.46386828035
1589,95306.1785728031,77102.09443681399,117808.25725298969
1590,135395.65030130208,109534.30333116582,167362.87589476875
1591,92763.43282038358,75045.02414249352,114665.16779255716
1592,119814.3520450425,96929.10056584788,148102.82432158056
1593,125986.72177994931,101922.52093245664,155732.4940363832
1594,130531.41969299903,105599.16184895375,161350.19769305596
1595,106844.48516968238,86436.53447063077,132070.7645529751
1596,229806.657519405,185912.39902572625,284064.3752301532
1597,180881.25666867415,146331.96176337145,223587.65961080985
1598,192997.15649969794,156133.67222052038,238564.13023368325
1599,172953.5660968528,139918.49444665658,213788.2368182825
1600,168535.8562827696,136344.58635190057,208327.5032224513
1601,68534.72858868958,55444.10741793715,84716.05281001836
1602,111646.92709287132,90321.68917435646,138007.0657261268
1603,90298.65399445497,73051.0287538223,111618.4532939873
1604,258856.5825976355,209413.66252161513,319973.004023598
1605,243948.4451154969,197353.04390531342,301545.04686342884
1606,173977.43247512123,140746.79790959044,215053.83862662868
1607,187101.9381040031,151364.4660862554,231277.04744578552
1608,221421.63540542006,179128.9524733189,273699.6446601063
1609,186642.83754708426,150993.05572529222,230709.55298812798
1610,145114.62594053344,117396.91250460103,179376.50717064494
1611,142111.29828930003,114967.23345014392,175664.09216500193
1612,166213.9379095948,134466.16445039905,205457.37861020255
1613,162053.5986383038,131100.46800940638,200314.78088765178
1614,129401.02566891308,104684.67798220774,159952.9170015595
1615,93629.55012851645,75745.70929131802,115735.77588622922
1616,78353.18098730811,63387.19285861847,96852.64736434673
1617,99064.40571050545,80142.48390434936,122453.80394014226
1618,128677.46306703673,104099.31897296161,159058.52086079054
1619,140748.34751540536,113864.61218062375,173979.3479437441
1620,170464.59425288747,137904.9270112379,210711.61731645587
1621,133384.58671419913,107907.36160445852,164876.9990591204
1622,142968.6949024584,115660.86359452654,176723.92060269153
1623,279956.91521106276,226483.740164282,346055.1370822325
1624,211054.04468216494,170741.6165077835,260884.2599126009
1625,120588.29507608173,97555.2171239553,149059.49573928714
1626,164408.4179334656,133005.5066142141,203225.57434814755
1627,186489.27403673096,150868.82351090794,230519.73304626427
1628,282416.74240417976,228473.72970346734,349095.7308646879
1629,172427.13870223158,139492.61696576356,213137.51961852214
1630,363374.5707591853,293968.2619992394,449167.74821050273
1631,206336.49769285694,166925.141437662,255052.8974151589
1632,233975.1588561245,189284.69854227902,289217.0620863892
1633,171789.4964972758,138976.7671852767,212349.32972890523
1634,187685.24076454982,151836.35541080427,231998.06819387336
1635,176091.58580672252,142457.13879284135,217667.1447536653
1636,157730.60048298497,127603.18123614295,194971.12042670214
1637,202291.86294112442,163653.04945156848,250053.3221145717
1638,190540.13487592555,154145.95237477653,235527.00441707915
1639,182618.5628052262,147737.43489895386,225735.14470724374
1640,262880.5055761401,212668.99877292494,324946.9774896023
1641,176168.93975491374,142519.7178017026,217762.76201270559
1642,232147.3066259656,187805.97400936435,286957.6529125173
1643,220446.36971962953,178339.96675998095,272494.1181951764
1644,231514.65257653018,187294.15962507646,286175.62888475583
1645,207968.30342975998,168245.26520713084,257069.97340801143
1646,159239.43872409803,128823.82483441659,196836.19622856998
1647,159936.69954154824,129387.90581404489,197698.08071875744
1648,130271.82107041373,105389.14768829352,161029.30768908517
1649,138800.5369208931,112288.84185080556,171571.65816795552
1650,115964.16554237965,93814.31637057979,143343.60661147165
1651,120720.66572651007,97662.30440650287,149223.11917503018
1652,100885.13354567648,81615.44483259351,124704.4066453466
1653,103000.26219786021,83326.57474596889,127318.91836670594
1654,145113.58044534762,117396.0667035265,179375.21483345536
1655,143602.33976735646,116173.4795442298,177507.16937800584
1656,144327.6681987645,116760.2671019146,178403.7482616561
1657,146347.70909644608,118394.47143397541,180900.7219559801
1658,148168.6381727114,119867.59516539272,183151.57341541466
1659,126940.87419293048,102694.4260995895,156911.9223728709
1660,151339.72479047597,122432.99049676381,187071.35537431896
1661,457698.6078026214,370275.99919939326,525000.0
1662,416778.90599382913,337172.1377680163,515180.8771510169
1663,397564.9294260434,321628.11399145407,491430.4698656089
1664,525000.0,457055.43856244994,525000.0
1665,307915.7305123729,249102.3005791374,380615.0444642857
1666,332224.3005129592,268767.82836461684,410662.88156885176
1667,376677.73610928736,304730.46511612163,465611.7984119475
1668,337381.05898012326,272939.6236169322,417037.1536220906
1669,300429.35946982645,243045.85884907862,371361.13699110434
1670,349703.14666599385,282908.1391551049,432268.49316877266
1671,271048.5462788207,219276.90830391005,335043.4972146085
1672,442577.5984215551,358043.1681393728,525000.0
1673,299347.5660557969,242170.69266524992,370023.931541143
1674,243498.81269704015,196989.29322733442,300989.25597707083
1675,192421.32594860965,155667.82780014185,237852.34576431644
1676,192031.34395762306,155352.33405948174,237370.28880503844
1677,223625.5960371524,180911.94707318183,276423.9616415483
1678,497592.9959369977,402550.38631152513,525000.0
1679,393899.0735774272,318662.4524964839,486899.1033810569
1680,342948.30847193033,277443.50432925654,423918.8338626914
1681,244928.96155233597,198146.2774534947,302757.0637846948
1682,316097.78655755904,255721.54846147177,390728.8885620772
1683,188864.84195703833,152790.64766354096,233456.17389401907
1684,180496.89076691662,146021.01141455944,223112.54470259923
1685,174425.07084923994,141108.9354143415,215607.1646736544
1686,174070.2987271768,140821.92630505294,215168.6306532353
1687,171788.7275297699,138976.14509389686,212348.37920773696
1688,192118.33805687464,155422.7119087737,237477.82226024813
1689,197985.5865967602,160169.29055090077,244730.33149358572
1690,198114.74637649517,160273.7802529722,244889.9859702515
1691,184985.93730411583,149652.63060916745,228661.4576621573
1692,261886.39101681038,211864.76440257835,323718.1519214469
1693,166928.21506593167,135044.01157444366,206340.29700649672
1694,178312.22019135946,144253.62238654576,220412.07217048827
1695,163952.02072638605,132636.28325155552,202661.42150275293
1696,275176.58014457015,222616.46981182013,340146.1622071268
1697,170068.08028519247,137584.148929728,210221.48617708002
1698,363285.34384384414,293896.0778114072,449057.45477006386
1699,328559.79858375114,265803.2621845805,406133.18866484484
1700,255281.00356557523,206521.03458001005,315553.2287629694
1701,277874.7845204848,224799.30545884385,343481.4141598478
1702,241530.9226030707,195397.27866947302,298556.7459206645
1703,251946.08293935575,203823.09824579928,311430.9314936984
1704,281614.5930864573,227824.79438166952,348104.19364008424
1705,236533.7974556535,191354.6260810369,292379.79670410836
1706,446761.3729420332,361427.8235953975,525000.0
1707,207504.5336866962,167870.07749481106,256496.70736672354
1708,197485.09201857098,159764.39260611733,244111.66986286102
1709,267084.8937183919,216070.33055963222,330144.02404642175
1710,217397.4019030485,175873.3650095464,268725.28735537454
1711,258333.19655538243,208990.24548160777,319326.0462412173
1712,261074.83158129675,211208.2163362677,322714.9828449278
1713,268043.4151164195,216845.77021673397,331328.8528877925
1714,220318.39526137614,178236.4359778513,272335.9288950633
1715,201260.65820830775,162818.809291607,248778.6493620245
1716,179069.94580777586,144866.619126504,221348.69723282172
1717,175843.42331734527,142256.37641438615,217360.39096041088
1718,135806.21928066947,109866.45185620905,167870.38044200954
1719,203165.04656873597,164359.45122222824,251132.66488974163
1720,234692.9496516942,189865.38818523608,290104.32369412325
1721,163836.7968846738,132543.06766295084,202518.99324694648
1722,127023.79693120494,102761.51023549486,157014.42321647773
1723,152579.2188020071,123435.73578055107,188603.49462190422
1724,201669.44276312,163149.5142249182,249283.94818106506
1725,239711.08173759445,193925.03529586812,296307.2395992008
1726,185860.2633573774,150359.9565972272,229742.2125903184
1727,158170.33996722475,127958.92857321301,195514.68265148802
1728,175552.11777250445,142020.71149102814,217000.30801193538
1729,161565.19956287212,130705.35527393603,199711.0705147159
1730,155697.45851819613,125958.37819756787,192457.95249592874
1731,121652.77042950488,98416.37307180397,150375.2943247536
1732,128476.95976167217,103937.11266783415,158810.67861180688
1733,116028.66711841422,93866.49786606408,143423.33704603146
1734,119625.98288245613,96776.71072964277,147869.98109333706
1735,132846.9837657272,107472.4431489313,164212.46775093448
1736,118268.8689023375,95678.81140099277,146192.4517361618
1737,332177.8831391452,268730.2769103582,410605.5050268688
1738,247993.57074322854,200625.53300796292,306545.2289361157
1739,263450.74147372943,213130.31714286818,325651.84640461986
1740,227456.73915452673,184011.32525227897,281159.6398123484
1741,193431.1619274838,156484.78073076866,239100.6045880485
1742,169686.44773253222,137275.4098484903,209749.74996323203
1743,177113.99875860146,143284.26644012477,218930.94998083072
1744,322894.3118993297,261219.90800915734,399130.0773749797
1745,216800.64264231204,175390.58935376033,267987.6328961934
1746,201878.34928230254,163318.5186936078,249542.17764739436
1747,216904.82720118007,175474.87421038444,268116.4154882423
1748,234839.88125701138,189984.25521718652,290285.94593442685
1749,151569.19781265265,122618.63317724747,187355.00710661302
1750,134201.75065178733,108568.44368865949,165887.09586381866
1751,248344.19983013754,200909.19041976627,306978.64174844115
1752,122128.42664840534,98801.17689156374,150963.25324553548
1753,145146.06666401238,117422.34791364221,179415.37106669162
1754,200920.1438458302,162543.33464803497,248357.73936628047
1755,163593.31403513043,132346.09109284132,202218.02395913328
1756,131090.15213524314,106051.1739733747,162040.84718042533
1757,121379.98980155696,98195.69472593168,150038.1100365103
1758,139185.92995145204,112600.6231423667,172048.04271065758
1759,158779.4724035801,128451.71407445366,196267.63160003873
1760,166994.71589259905,135097.8104550258,206422.49871589273
1761,148658.9042690426,120264.21831267978,183757.59161393877
1762,174032.93254632686,140791.69722667756,215122.44229598637
1763,170503.78319082403,137936.63069219718,210760.05878476892
1764,116923.03844284687,94590.0403916319,144528.8699452065
1765,169688.50739859074,137277.07610940575,209752.29591761006
1766,185964.05720184022,150443.9253675907,229870.51222007038
1767,223072.1327427345,180464.1976665176,275739.82535078237
1768,143533.53494080203,116117.81673772377,177422.11969304841
1769,171241.72581727032,138533.62307900228,211672.23008202904
1770,152535.26026533148,123400.17351488172,188549.1574498965
1771,126692.93207993211,102493.8420046698,156605.44098698287
1772,138481.3419479484,112030.6145009747,171177.1010816519
1773,129375.15487330705,104663.74862067761,159920.93809650186
1774,145216.04834850927,117478.96279312359,179501.87546641624
1775,139030.26740889013,112474.69282002212,171855.6281538955
1776,121910.55219470084,98624.91740270986,150693.9385102795
1777,113020.10434805242,91432.58362291931,139704.4509066776
1778,142271.41847465455,115096.76998618983,175862.01681653716
1779,112328.24162490154,90872.8696781857,138849.23900390184
1780,174005.56607313614,140769.55786846316,215088.61458302173
1781,126460.44578002169,102305.76159555805,156318.06454038055
1782,86589.78872191526,70050.57282128616,107033.92283623651
1783,140748.88564343622,113865.04752386865,173980.01312410692
1784,107959.98489625554,87338.96891523569,133449.63439490536
1785,123724.2962143774,100092.22845448446,152935.90851720743
1786,151477.50910020256,122544.45740622273,187241.6706373776
1787,163703.7145881671,132435.40466180988,202354.4901450841
1788,64556.8156513162,52225.993090510754,79798.95238183775
1789,102129.15490319199,82621.85271966219,126242.14214785972
1790,82493.3642039682,66736.58313876415,101970.3301763863
1791,185781.75281218637,150296.44190640538,229645.16566107352
1792,154002.3798354678,124587.06688912956,190362.66477901183
1793,128665.99367774939,104090.04028673255,159044.3435422158
1794,149745.42962141248,121143.21261411923,185100.64621555473
1795,131016.39489636364,105991.50468675971,161949.6758157963
1796,120377.36821179182,97384.57820482936,148798.7689232298
1797,111449.42762549056,90161.9129611403,137762.93652297117
1798,122429.23325012809,99044.52812876493,151335.0804557879
1799,111343.21842528055,90075.9901784446,137631.65127061616
1800,125731.99921709814,101716.45148299016,155417.63133260323
1801,131587.68883601364,106453.67900814481,162655.85257720246
1802,135043.54271068255,109249.44981626801,166927.63550317183
1803,142970.8281034473,115662.589344882,176726.5574536385
1804,140519.9843941044,113679.86740513862,173697.06816054927
1805,137323.09193600234,111093.59526076817,169745.38758783153
1806,125531.04216458586,101553.87809838657,155169.22820651406
1807,129828.56290244113,105030.55375133237,160481.39601735014
1808,118488.12410824947,95856.18791239877,146463.47322000112
1809,118835.64470085733,96137.33056578363,146893.0436207656
1810,135699.76161478242,109780.32806585741,167738.78806109083
1811,92988.6592205733,75227.23132419314,114943.57027301511
1812,92810.30984894793,75082.94745545315,114723.11251403662
1813,121622.08341244105,98391.54740798633,150337.3620856323
1814,97645.3749297079,78994.49415227625,120699.73919068389
1815,54787.72868940334,44322.84407419146,67723.37847169749
1816,101877.13409207176,82417.96897563757,125930.61908092
1817,106274.79437961704,85975.65709031216,131366.56944567585
1818,145704.4986343255,117874.1169575731,180105.64914053737
1819,132389.02529721605,107101.95673254051,163646.3850294026
1820,70484.74953768091,57021.665914949976,87126.47480622667
1821,107527.12754104947,86988.78919072912,132914.5791737043
1822,141258.09484811634,114276.99556371704,174609.4469095581
1823,49757.06392050003,42000.0,61504.97091008278
1824,126585.12494561238,102406.62650020423,156472.18052737246
1825,131377.67810770127,106283.78123905449,162396.25819734426
1826,101846.8757451029,82393.49010406903,125893.21672114516
1827,106164.70511896153,85886.59535553091,131230.4880484131
1828,133546.39719628135,108038.26558323197,165077.01308739523
1829,116058.21025219878,93890.39813326599,143459.85533038533
1830,134908.27496447606,109140.01879579091,166760.4309657014
1831,144415.38120121893,116831.22654078218,178512.17035352078
1832,77528.28930939853,62719.859065986886,95832.99829547343
1833,136894.9449780122,110747.22622719604,169216.154891289
1834,122236.48714661134,98888.5973663153,151096.82688838875
1835,126010.95699871199,101942.12711940853,155762.45120398118
1836,124458.1887278791,100685.94431746918,153843.0734675697
1837,91807.99300535608,74272.07747268435,113484.148097673
1838,129276.15531702414,104583.65840867482,159798.56468907636
1839,102453.21915153376,82884.01929218751,126642.71814823129
1840,138095.96610505163,111718.84711415778,170700.73778462876
1841,141109.38516806634,114156.69007701328,174425.6267900732
1842,85859.71300450485,69459.9447297986,106131.475829678
1843,131193.82174027164,106135.04223457427,162168.9932377424
1844,131468.04605519577,106356.88851695388,162507.96206827223
1845,142046.16764775186,114914.54304338526,175583.5841422055
1846,150789.07698963664,121987.51881220327,186390.69931675534
1847,161395.14058116762,130567.77829471431,199500.8605114001
1848,48340.98629382024,42000.0,59754.55655609699
1849,100059.73414589351,80947.70029516665,123684.12998117889
1850,119198.37113395041,96430.77467822412,147341.40996954046
1851,153078.19680448002,123839.40682215235,189220.2816125296
1852,128795.29693962313,104194.64606523247,159204.17537723435
1853,131271.57275444927,106197.94246809778,162265.1013102727
1854,173964.2792022734,140736.15696885833,215037.57985863395
1855,146866.84672496654,118814.45152568424,181542.4282717468
1856,226509.26586668933,183244.8234684424,279988.46754622256
1857,142244.08320054825,115074.65586789952,175828.22766877836
1858,134172.65942337812,108544.90901094783,165851.13617995445
1859,116170.57234832553,93981.29858209379,143598.7461808575
1860,151568.53764495504,122618.09910444103,187354.1910729492
1861,115523.12041564757,93457.51277439167,142798.43048126373
1862,333586.413051971,269869.7715057494,412346.5896474975
1863,318580.92229855986,257730.39451488387,393798.2940537339
1864,318657.9490044785,257792.70878616476,393893.5068084162
1865,332973.06216502376,269373.5732962612,411588.42626978806
1866,334714.25381107704,270782.1897921916,413740.71424671053
1867,230877.6468966987,186778.82479065668,285388.2258042045
1868,307043.69040009216,248396.8239074247,379537.1151890619
1869,202215.01110741307,163590.87665114546,249958.3255195235
1870,227884.44621914308,184357.3384140181,281688.3287564432
1871,247530.56067686202,200250.95987079904,305972.90193162224
1872,172825.53574125742,139814.9184438195,213629.9784234334
1873,245233.2557850737,198392.45016907284,303133.2020576143
1874,148655.5892649024,120261.53648869642,183753.4939354491
1875,197670.45446944737,159914.3500255791,244340.79649306188
1876,191751.23079926457,155125.72372828392,237024.04077181398
1877,210567.32049549292,170347.85875006134,260282.61987060664
1878,203031.55491738027,164251.45705478845,250967.65578411927
1879,131437.90768580316,106332.50670672461,162470.70801284717
1880,137529.0437269056,111260.20936708456,169999.96471286626
1881,242330.1354118759,196043.8383682826,299544.6533249373
1882,251065.33808370624,203110.5794744246,310342.2422802809
1883,185751.38585436944,150271.87516913144,229607.62904736807
1884,203075.84485892166,164287.28742555802,251022.4026058687
1885,247366.82759344653,200118.5005158789,305770.5113747537
1886,297706.9913852291,240843.4748664478,367996.0162644356
1887,214527.1664091018,173551.35693355853,265177.38764050964
1888,273863.4347064866,221554.14084313193,338522.9823895897
1889,163635.6550928794,132380.34482506863,202270.3617645264
1890,121129.12907672365,97992.74948668576,149728.02095288495
1891,124024.12141576983,100334.78574307146,153306.52261795732
1892,103621.28663740322,83828.98082625252,128086.56702711222
1893,130219.73500222636,105347.01028485307,160964.9240707862
1894,127447.36402411337,103104.17417806345,157537.99473920657
1895,133611.60294134007,108091.01674840516,165157.6139456834
1896,125554.7735576907,101573.07669256467,155198.56259493186
1897,114036.9434318598,92255.20203508806,140961.36627237225
1898,115791.44142993576,93674.58331213967,143130.1022385439
1899,154759.7873216746,125199.80626312694,191298.89660041363
1900,149979.31886716298,121332.4280003357,185389.75684430217
1901,158960.1727429252,128597.89986589066,196490.99539154317
1902,138837.43720614302,112318.69402165958,171617.27063139022
1903,211129.30974611815,170802.50561834872,260977.295100655
1904,138455.56115839494,112009.75795395105,171145.23343312668
1905,190164.98969288947,153842.46154745074,235063.28724448697
1906,144387.4344362669,116808.61772904766,178477.62534158226
1907,194061.50426503888,156994.72495016348,239879.77110744925
1908,114121.68500813872,92323.75760305682,141066.11538266347
1909,139305.10597825408,112697.03603158158,172195.35626468525
1910,125182.47854173792,101271.89163805763,154738.36851548083
1911,195058.4599916889,157801.25781255958,241112.1086441337
1912,326992.64227710245,264535.43952401896,404196.0258692366
1913,141266.29940764516,114283.6330168201,174619.5885702247
1914,75543.5520563249,61114.21522942002,93379.66345618498
1915,286265.3775479906,231587.25885614718,353853.03093924373
1916,67286.14002842759,54434.00468363925,83172.67178561124
1917,248356.37151439348,200919.0372595814,306993.6871742232
1918,144273.64608027556,116716.56344217034,178336.9714904861
1919,174479.93220734783,141153.31801530047,215674.97882939124
1920,157849.0882434097,127699.03732084128,195117.58321427213
1921,412005.68724677124,333310.62448713736,509280.69876238285
1922,314625.2252172029,254530.25271869884,388908.65465772024
1923,231161.20965306807,187008.2258316959,285738.73788747814
1924,248073.26800944773,200690.00775095366,306643.7427718936
1925,201480.083675129,162996.32354335077,249049.88130546993
1926,392784.42247201176,317760.7045827179,485521.282520219
1927,136243.67743113893,110220.35360414546,168411.12270883375
1928,152267.95034729224,123183.92094961734,188218.73550926056
1929,126743.41433401835,102534.68192945281,156667.84212976575
1930,126597.08462655162,102416.30183025492,156486.96389573498
1931,140617.09864774114,113758.43241547092,173817.11114430925
1932,135060.67616358955,109263.31070541927,166948.81417398527
1933,176203.42383077653,142547.61526963345,217805.38779835246
1934,178791.83403615866,144641.6279085066,221004.9231148784
1935,167552.4645430582,135549.02669615616,207111.93213768117
1936,182987.1888893829,148035.65180353777,226190.80361802984
1937,179224.67963484232,144991.79812203752,221539.96380383548
1938,172552.00257113558,139593.63129458978,213291.86391738398
1939,242779.22172004596,196407.14724540632,300099.76916406146
1940,186728.40745039994,151062.28140624403,230815.3259939371
1941,168966.92211542127,136693.31674242447,208860.34394161124
1942,181261.35699042922,146639.46127644702,224057.50183317068
1943,210775.52928456248,170516.2987581132,260539.98687234923
1944,347504.39925924793,281129.3620316636,429550.6202576802
1945,373238.48957906326,301948.12957768375,461360.5438338244
1946,145089.55907375368,117376.6335180074,179345.52200246346
1947,296661.6033284688,239997.76045888156,366703.81149715255
1948,171142.57217394764,138453.40821125207,211549.66620752666
1949,247122.855807274,199921.12839815527,305468.9377120971
1950,185637.69125830813,150179.89673363118,229467.0910929743
1951,256877.4306749449,207812.53719312322,317526.5732143499
1952,231741.35826117988,187477.5635414935,286455.8599095701
1953,166953.26760290028,135064.27896828216,206371.26446159056
1954,185934.24685163685,150419.808923464,229833.66362935034
1955,134222.66236542776,108585.3611743704,165912.94484485826
1956,321909.78626859764,260423.4310404911,397913.10468687856
1957,154356.28846690233,124873.37743824163,190800.13143817725
1958,301615.050138945,244005.0774620193,372826.76989675115
1959,144215.19048012045,116669.27311497135,178264.71449012496
1960,115767.48716417266,93655.2044149469,143100.4923571074
1961,119086.8859465998,96340.58364479599,147203.60306650164
1962,99036.26107789298,80119.71501853503,122419.01434387694
1963,104731.11798717719,84726.82957859171,129458.4301852801
1964,109305.25429728985,88427.28603073684,135112.52266118597
1965,145012.7100776176,117314.46301317048,179250.5289149437
1966,137680.86661822826,111383.03342821631,170187.6330745633
1967,279351.4113276177,225993.89014662086,345306.67338998325
1968,441340.40472914436,357042.2838037851,525000.0
1969,391283.15333707817,316546.18435854156,483665.5628947738
1970,439975.029463943,355937.7011313047,525000.0
1971,464875.19098619313,376081.8238940557,525000.0
1972,376902.69177089084,304912.45327147824,465889.86623228603
1973,266306.09303123574,215440.28417877766,329181.348077246
1974,322773.2655246132,261121.98201658507,398980.4518828387
1975,525000.0,438032.9584598294,525000.0
1976,272510.3233241219,220459.47959871893,336850.40064575826
1977,368322.87839103426,297971.42142913915,455284.3540684982
1978,363903.7645492103,294396.3774820255,449821.8849531839
1979,333568.50471511163,269855.28373883874,412324.453142193
1980,206361.0828268893,166945.03070455065,255083.2871132193
1981,343677.09766521165,278033.0916282991,424819.69059604756
1982,221180.13334390678,178933.57835214166,273401.12382549554
1983,203797.43981731735,164871.0546197554,251914.36654142017
1984,175487.54329315995,141968.47101708205,216920.48746155296
1985,228361.86116675046,184743.56503768,282278.46164277283
1986,210198.87269627885,170049.78607722337,259827.18133793876
1987,183053.97713517846,148089.68320494905,226273.36060637247
1988,177295.19207893423,143430.85105104436,219154.92314641236
1989,194498.21288092458,157348.02032786983,240419.58687415117
1990,210194.23859067817,170046.03710587506,259821.45311738894
1991,231629.59353039635,187387.14635863958,286317.707462736
1992,216247.8678371492,174943.3969319198,267304.34764738445
1993,176963.8950745762,143162.83321024614,218745.40673224482
1994,235679.6064441002,190663.58925446082,291323.93071237294
1995,182976.6266282853,148027.10698008302,226177.74760112268
1996,254205.1062077693,205650.63828011474,314223.31143143546
1997,316974.6443574901,256430.92262161543,391812.7729837261
1998,333064.4598716057,269447.5136447997,411701.4030265055
1999,273456.1188108611,221224.6240487381,338019.49898099917
2000,334207.24509148794,270372.0219352457,413114.000482123
2001,270580.56118544465,218898.31039145554,334465.0205764192
2002,245793.19483404857,198845.43843310993,303825.34303224494
2003,258556.8442061834,209171.1754618936,319602.4972286643
2004,275136.1684193162,222583.7769012202,340096.2092507202
2005,225974.8837636501,182812.51066291222,279327.91752689483
2006,213553.8549491824,172763.95218048134,263974.2767952826
2007,247395.32148952424,200141.55195432302,305805.7326957856
2008,211615.4714324181,171195.80831570757,261578.2398356217
2009,186070.36379840408,150529.9269435146,230001.9178641134
2010,192363.6604988132,155621.17670115878,237781.06546925986
2011,137847.14511035252,111517.55200775096,170393.17001257412
2012,172849.8975803909,139834.62706610266,213660.09210654322
2013,176613.93882450546,142879.72012052912,218312.82561391508
2014,181852.2645457938,147117.50292794654,224787.9229960373
2015,201429.3793526561,162955.30396620533,248987.2056638289
2016,184588.72106021183,149331.2843892479,228170.458438763
2017,194681.95366892288,157496.665829091,240646.70896595274
2018,122548.23930574075,99140.80351202418,151482.18390833237
2019,138670.9990549363,112184.04627861915,171411.53633869742
2020,107454.7944455739,86930.27202995619,132825.16819354106
2021,109727.2763683989,88768.70005736532,135634.1843815961
2022,185722.67933962267,150248.6517231055,229572.14490827927
2023,138942.09945001977,112403.36532338565,171746.64369014814
2024,278356.90074773284,225189.33539736137,344077.358300596
2025,385221.1895907468,311642.0819582287,476172.3660847946
2026,175102.51703925827,141656.98644624717,216444.5562916841
2027,156864.0002586638,126902.1054102149,193899.91540005698
2028,153795.25621154867,124419.50477498166,190106.63915052445
2029,163994.5235165742,132670.6678246252,202713.95922570548
2030,265687.17822332104,214939.58478133887,328416.3071336867
2031,235682.94302448008,190666.28853352854,291328.05506126466
2032,245851.8311314977,198892.87494363668,303897.8233926332
2033,256570.75458183768,207564.43756282836,317147.49072248273
2034,171796.90558164497,138982.76110242293,212358.4881022778
2035,210172.6956034917,170028.60892260112,259794.82381876264
2036,198047.2976390078,160219.2145166446,244806.61254775565
2037,203427.1573058336,164571.4976726423,251456.6601198797
2038,304746.449321484,246538.36583028466,376697.49419456196
2039,221311.4438938221,179039.80801796835,273563.43687039585
2040,282619.5998268224,228637.8404792708,349346.48303936824
2041,304223.0817583659,246114.96373981738,376050.5592542505
2042,204207.66563001156,165202.9255244472,252421.44690014244
2043,179193.70565047767,144966.7403029171,221501.6768442716
2044,171378.50709512382,138644.27854002264,211841.30549682293
2045,216321.51384666772,175002.9762344637,267395.3815213375
2046,151803.81346137953,122808.43622032384,187645.0156424897
2047,139139.87880731546,112563.36796633006,171991.11886538568
2048,138122.71913156233,111740.49019666653,170733.80721580586
2049,144488.72772637813,116890.56356177731,178602.83403468822
2050,171180.41995959939,138484.02690582504,211596.4498767431
2051,105903.12934195751,85674.98168551424,130907.15408274884
2052,128007.10315545577,103557.00070960227,158229.8885955388
2053,145965.9067182016,118085.594964576,180428.7758206315
2054,84236.33327470068,68146.6375635573,104124.81522895841
2055,150690.00841837178,121907.37276737916,186268.24059987167
2056,142756.80172521604,115489.44293240973,176461.99932664796
2057,116405.69291672073,94171.51010299369,143889.37884822136
2058,210531.33509965878,170318.74672077986,260238.1383024954
2059,132226.8797783215,106970.78171043785,163445.9568619349
2060,173042.2996305388,139990.27949086786,213897.9203893788
2061,173026.91439125058,139977.83289895806,213878.90268640674
2062,129737.28916507892,104956.71369335538,160368.5724990552
2063,118122.26345248142,95560.20822739687,146011.23265680784
2064,137032.83192678582,110858.77617119919,169386.5970265316
2065,114603.31143495666,92713.39129514899,141661.45408082343
2066,156895.98108279437,126927.97775834262,193939.44691482408
2067,105586.37025579817,85418.72495753644,130515.60799747612
2068,149189.09079632314,120693.13691560338,184412.95547970204
2069,84440.08138117219,68311.46889871843,104376.66837842266
2070,113329.97443367835,91683.26717932013,140087.4814945008
2071,99461.02686071648,80463.3486960502,122944.06756788667
2072,125671.58022827224,101667.57278286516,155342.94738639746
2073,135706.37976133943,109785.68211774125,167746.96875578718
2074,183469.05506645347,148425.47945254532,226786.43867161247
2075,143220.24076170957,115864.36310454736,177034.8565813577
2076,122509.97813208686,99109.85038834898,151434.88924997306
2077,156140.30457339305,126316.63873707945,193005.35475482908
2078,128230.62147729326,103737.82606331714,158506.179719381
2079,132688.00148522432,107343.82717297907,164015.94966422892
2080,122890.78401585863,99417.9206980384,151905.60361794115
2081,126037.56231204266,101963.65070259475,155795.338046813
2082,127280.02405026235,102968.79686441195,157331.14570303386
2083,142172.29799882488,115016.58195079773,175739.49394039164
2084,115582.87349241394,93505.85275454636,142872.29129319667
2085,118632.98638053921,95973.38086289783,146642.53755658094
2086,110104.85561946905,89074.16003518226,136100.9103070597
2087,122058.67490984024,98744.74803734465,150877.03308210694
2088,97069.49052924706,78528.60616798866,119987.88815807724
2089,76958.79967922062,62259.14442314546,95129.05184202461
2090,132023.96779174524,106806.6267926485,163195.13724074527
2091,111447.21185194871,90160.12040994735,137760.1976040449
2092,121491.53984703643,98285.93822930499,150175.99711071886
2093,115445.31498097167,93394.5685149209,142702.25513952476
2094,119953.3527011789,97041.55149428113,148274.64311112324
2095,143339.8237312785,115961.10520869709,177182.6731575693
2096,83803.10958767454,67796.16147819585,103589.3071847877
2097,100995.6698393648,81704.86821516101,124841.0406203936
2098,135307.25528019594,109462.79214216462,167253.61075926354
2099,54366.893301755925,43982.390069340756,67203.18361138437
2100,69536.89281996716,56254.85393800507,85954.82858221413
2101,109853.51094058336,88870.82327920526,135790.22300755692
2102,126390.0030151534,102248.77370405436,156230.99019894845
2103,104734.5314141594,84729.59102622769,129462.64952430033
2104,140649.70148538862,113784.80796983824,173857.41153033584
2105,126989.14341095775,102733.47568779133,156971.58798053165
2106,60479.45551655719,48927.42641136938,74758.92521681177
2107,196849.23407320556,159249.98628390665,243325.68549753126
2108,113210.38298010174,91586.51821164494,139939.65443120248
2109,107979.27251366204,87354.57251413165,133473.4758296731
2110,131188.13670998672,106130.44306971075,162161.96596859692
2111,140012.88474008025,113269.62598262884,173070.2419918552
2112,135534.1860973524,109646.37818980395,167534.12007049652
2113,118022.92476477675,95479.84365954355,145888.4400488404
2114,115609.51024137824,93527.40176902394,142905.21699363302
2115,156581.20874197688,126673.32829873651,193550.35664659034
2116,120708.42376376822,97652.40071169718,149207.98687797206
2117,141044.2524199916,114103.99796608376,174345.1161633981
2118,121704.4608418956,98458.19039141957,150439.18887269893
2119,112597.62087122195,91090.79632106176,139182.21884239465
2120,115443.23470775514,93392.88558290392,142699.6837126271
2121,88642.20615590399,71710.96963091068,109570.91718537253
2122,113099.12294096092,91496.50932214284,139802.12583399293
2123,88604.84976844201,71680.7484753437,109524.74093373596
2124,154720.859996048,125168.31422539268,191250.77851122466
2125,128943.83212937495,104314.81039004118,159387.77980916313
2126,137928.25335092162,111583.1682228761,170493.42795454274
2127,149094.9647327077,120616.98933804854,184296.60619931482
2128,125862.02216915556,101821.63948772979,155578.35277706425
2129,96961.8277382507,78441.50743664615,119854.80612133036
2130,130920.85785686031,105914.21563582624,161831.58242731728
2131,146518.11881963402,118532.33216153723,181111.3655110416
2132,116569.01422850005,94303.6363364447,144091.26041393794
2133,122335.3335724204,98968.56369642835,151219.01101114904
2134,120604.82504930111,97568.58980065455,149079.92844851795
2135,94494.67222690853,76445.58931977511,116805.15380057872
2136,75732.16632110381,61266.803352236704,93612.80965538706
2137,110465.64256904899,89366.03511386568,136546.87925916875
2138,132527.7157601257,107214.15671599758,163817.82038892253
2139,145035.5426555133,117332.93446973954,179278.75227737392
2140,141346.71549795056,114348.68928538145,174718.9909448615
2141,142554.90871752313,115326.11236412113,176212.4392658315
2142,123670.010094675,100048.31121890261,152868.80541398836
2143,139006.74488339105,112455.66319883191,171826.5519468431
2144,120483.95858265922,97470.80935293502,148930.52534084965
2145,139772.21554298204,113074.92564515406,172772.75066141828
2146,161992.0241330741,131050.65450151832,200238.66860696673
2147,138474.38425488363,112024.98575743756,171168.5006733256
2148,140894.8076449564,113983.09779072263,174160.3873925869
2149,141159.3813208563,114197.1367479542,174487.4270627693
2150,220905.66389037055,178711.53375368722,273061.85197898885
2151,116151.72232466532,93966.04899464222,143575.44565596667
2152,163427.44201098237,132211.90134413794,202012.98945641733
2153,170316.68499348403,137785.26906136845,210528.78659738417
2154,102565.16958468014,82974.5867074482,126781.10014186097
2155,135390.4002933217,109530.0560974614,167356.38635693956
2156,272394.0204684595,220365.39109250472,336706.63862019876
2157,241487.16961434772,195361.88269120659,298502.6628265971
2158,238912.01032645153,193278.5899871546,295319.50697665825
2159,212573.28745241475,171970.67732503914,262762.1967588101
2160,176762.0127639513,142999.5112958392,218495.85989408015
2161,237171.5401011288,191870.5571174688,293168.1107483082
2162,416026.68908732594,336563.59755050496,514251.0614081178
2163,356798.31875359133,288648.10262593185,441038.8393928348
2164,246672.5673861516,199556.84701686262,304912.3359404736
2165,195190.95503314404,157908.4457269088,241275.88583969526
2166,152693.92053070615,123528.52898199072,188745.27749352023
2167,221597.3431035315,179271.09923963423,273916.83704496245
2168,188779.11387961247,152721.2940204195,233350.20536910306
2169,194103.6836260032,157028.84787039278,239931.9090393556
2170,215564.96728496434,174390.9333446587,266460.2138892006
2171,149083.53590419542,120607.7434653107,184282.47901793703
2172,138095.38225202452,111718.37477958907,170700.01608357226
2173,166438.09262406986,134647.50464299982,205734.4563793434
2174,230651.69642086772,186596.0318349012,285108.9282934375
2175,298367.28255805233,241377.6475637866,368812.20255602326
2176,315336.54057634063,255105.70376164475,389787.9119748241
2177,238427.12555347322,192886.32030713925,294720.14063496946
2178,218643.9576587213,176881.82321374113,270266.1556288811
2179,141926.86647313277,114818.02891012876,175436.11589289052
2180,217444.35953456347,175911.35352994376,268783.3317102068
2181,191168.56663398424,154654.35094363856,236303.80926808552
2182,219759.64930086193,177784.41291720845,271645.2626977527
2183,185942.68060848763,150426.63179620728,229844.08860095605
2184,121476.58195390707,98273.8373585857,150157.50765057502
2185,115356.73374406458,93322.90667814373,142592.75982256286
2186,143229.19166691293,115871.60434806671,177045.92080033405
2187,148120.3348069858,119828.51795185091,183091.8655977648
2188,150121.79923451736,121447.69400006441,185565.87690684636
2189,290650.71623209695,235134.9788470373,359273.75056303083
2190,78892.47501244546,63823.47938783948,97519.26901335374
2191,81536.31305465857,65962.3329065037,100787.31871028607
2192,86990.49887934349,70374.74560210538,107529.24088811115
2193,109391.52148887655,88497.07581487807,135219.15758542062
2194,104445.34031257003,84495.63667829683,129105.18024032199
2195,110252.19968382873,89193.36074471066,136283.04238821863
2196,103984.06617316086,84122.46789851853,128534.99901612075
2197,128360.65649669924,103843.02383048947,158666.9160802984
2198,157632.90278479832,127524.14422169823,194850.35624680453
2199,182573.0991083048,147700.6549651685,225678.94700580626
2200,143222.73156090552,115866.37815030261,177037.93545965033
2201,139065.5441906379,112503.23158357863,171899.23380373442
2202,205112.92206880392,165935.2740603597,253540.43489532426
2203,130508.44500071902,105580.57542246363,161321.79866295503
2204,171628.5660295795,138846.57513432775,212150.40348690975
2205,116103.63241726217,93927.14446795822,143516.00169426968
2206,137251.27456948327,111035.49532248604,169656.61410052265
2207,192697.095305328,155890.9240146373,238193.2244218806
2208,249568.01585713317,201899.25228200734,308491.4014304889
2209,226146.32162532365,182951.20315005328,279539.83196451893
2210,119185.08528513441,96420.02648410828,147324.9873243166
2211,119579.93123823384,96739.45514903896,147813.05662990894
2212,118087.22107214393,95531.8590935655,145967.91675068456
2213,101595.25756440175,82189.9320863086,125582.19134589384
2214,125946.08483611717,101889.64582100298,155682.26268716494
2215,105081.82269157507,85010.54816461584,129891.93646842627
2216,139707.99974125827,113022.97533984875,172693.3734726454
2217,68252.63855958328,55215.89780687148,84367.36116574626
2218,83765.3676044752,67765.62837734837,103542.65429804243
2219,80671.56559545734,65262.75595952843,99718.40388765195
2220,78045.31546280031,63138.13098347513,96472.09461565362
2221,287903.0124726932,232912.0984132842,355877.312394427
2222,257281.46478604994,208139.3990380621,318026.0000072415
2223,284085.2334402339,229823.53172096796,351158.15357653704
2224,206305.1301121203,166899.76520078236,255014.1239308973
2225,124898.44913125392,101042.11307586201,154387.2796007926
2226,187532.4438549116,151712.74337307632,231809.19584758644
2227,206806.4494551717,167305.3303767651,255633.8050539339
2228,264787.15230540204,214211.4677141457,327303.78458831017
2229,259484.53594213346,209921.67405597982,320749.21750733175
2230,147101.1877078801,119004.03236530795,181832.09729305658
2231,215639.50220804973,174451.231774426,266552.3465497157
2232,180605.47475760523,146108.8553924608,223246.7654348059
2233,182477.03171492863,147622.93686025028,225560.19804660554
2234,249957.81156530633,202214.59532067867,308973.22812547605
2235,222884.3598558433,180312.29021476585,275507.7191792624
2236,280489.52139316517,226914.61625747057,346713.4918846875
2237,340602.04912739695,275545.39068741136,421018.62136200117
2238,191044.6386969227,154554.09377961687,236150.6218751027
2239,115731.08423783713,93625.75460529924,143055.49467930762
2240,152419.08984035195,123306.192144516,188405.55912197885
2241,149943.07827495938,121303.10951829728,185344.95982781454
2242,122935.63932349722,99454.20844753052,151961.04928904262
2243,131316.96295414618,106234.66294294703,162321.2081617495
2244,104495.34106894821,84536.08707352067,129166.98620351606
2245,103354.80849328899,83613.40116248888,127757.17324269471
2246,144407.54601665243,116824.88791042288,178502.48527745367
2247,114492.36277480694,92623.63430990124,141524.3103793606
2248,129209.55769498728,104529.7812210582,159716.24333086947
2249,126114.54097775882,102025.92610956002,155890.49141897395
2250,131395.23091340606,106297.98138280182,162417.9552303879
2251,106164.9131043677,85886.76361482317,131230.74513929113
2252,173652.7405169544,140484.12352253692,214652.48671378786
2253,152252.2551031023,123171.22356508549,188199.3346090544
2254,170483.2396658869,137920.01106955163,210734.66492199336
2255,187016.67638046562,151295.4897214086,231171.6553811743
2256,180251.3394739084,145822.36148265077,222809.01861065105
2257,210274.00010209053,170110.56382294866,259920.0463666864
2258,164414.56291728118,133010.47787949062,203233.170166112
2259,177273.22707937143,143413.08146158681,219127.77219804935
2260,158394.73292861498,128140.46150653568,195792.05491777527
2261,187874.47891179356,151989.44825183132,232231.9855745425
2262,208205.0407610127,168436.784682176,257362.60455685647
2263,367540.5579808131,297338.52760757826,454317.3273676542
2264,500530.1013892159,404926.4918939633,525000.0
2265,167614.97260497382,135599.59544735742,207189.19838831286
2266,284453.9525956771,230121.8239198193,351613.92753279285
2267,372827.86438705807,301615.9355768601,460852.9698021102
2268,399873.2531012824,323495.53784124024,494283.7900640624
2269,150680.75289854076,121899.88509194611,186256.79984658206
2270,197848.77321480977,160058.60911780506,244561.2163948994
2271,223082.18974587665,180472.33373847598,275752.25681804545
2272,195813.82946384087,158412.34844201864,242045.82127521146
2273,162520.86932988928,131478.4879739083,200892.3744533843
2274,177049.76237332396,143232.29948281372,218851.54734871548
2275,167700.4544488549,135668.74988860826,207294.8625438051
2276,196808.60071766347,159217.1140753641,243275.45858380035
2277,183557.4316405645,148496.97571800742,226895.68100477662
2278,141678.28354278166,114616.92639674776,175128.84239231085
2279,125492.46035959735,101522.66558535118,155121.53721558096
2280,118473.20929749591,95844.12189513481,146445.03701400638
2281,159788.38075237413,129267.91655636572,197514.74377970494
2282,179071.9336381221,144868.22727263955,221351.15439103526
2283,106056.54209873675,85799.09194091044,131096.7876780345
2284,112023.69319667647,90626.49131955992,138472.78651979694
2285,143591.73311321624,116164.89880699597,177494.05848683364
2286,125518.746524784,101543.93097907196,155154.02955921175
2287,366976.15734801785,296881.92994156544,453619.6714267438
2288,268641.91341449297,217329.95274618932,332068.656972008
2289,385435.2768865909,311815.27765278576,476436.9995120807
2290,475148.0927522535,384392.55690357,525000.0
2291,319562.3214660407,258524.34218832882,395011.40211884456
2292,446115.6962019955,360905.47391084826,525000.0
2293,494782.80962036434,400276.95775975124,525000.0
2294,408932.69688743807,330824.5886037218,505482.1736439198
2295,487642.9372949208,394500.8319902223,525000.0
2296,307460.17876519763,248733.76118987743,380051.93669235613
2297,331171.56268795,267916.16802638856,409361.5917488858
2298,340514.20079543546,275474.32176755904,420910.0319892564
2299,364010.57964468596,294482.79043136537,449953.9191530189
2300,348060.6532274819,281579.36908135115,430238.206101926
2301,295945.51215134276,239418.44579987988,365818.65078873653
2302,244749.4814089273,198001.0787952824,302535.2082780765
2303,243841.39413681463,197266.44012748165,301412.7210882289
2304,245829.00267925486,198874.40682470292,303869.6051299248
2305,195011.3768534321,157763.167757752,241053.90915034706
2306,191468.02862669248,154896.6143979741,236673.9744063758
2307,198173.76964447557,160321.52982098178,244962.94466513203
2308,225667.61730310158,182563.9334279158,278948.10528150003
2309,279291.8955677793,225945.7421548325,345233.105925639
2310,208766.81632068972,168891.25867541233,258057.01564340308
2311,212258.8605377394,171716.30731368507,262373.5334720257
2312,175934.32589256042,142329.91620379468,217472.75568496622
2313,177187.34809958434,143343.60573910907,219021.6171426394
2314,168774.53174923346,136537.67376993233,208622.5301013253
2315,178811.9646883372,144657.9135188797,221029.80662540387
2316,191089.47970838688,154590.36996356587,236206.0498746949
2317,186274.70232835802,150695.2359287143,230254.50083637767
2318,178496.35390366218,144402.5857618264,220639.6799562444
2319,182784.0000110249,147871.27288149696,225939.64173075248
2320,186873.06239789329,151179.30663188128,230994.13405621905
2321,241269.18269816582,195185.53222069584,298233.20907640934
2322,181960.9678562123,147205.44343499228,224922.2912194294
2323,188101.6336695063,152173.21546641018,232512.77169882352
2324,176631.9676328681,142894.30534836385,218335.11103411287
2325,220609.11592751488,178471.627736874,272695.28887464484
2326,174964.62392266918,141545.431512508,216274.10653240123
2327,205540.59446901135,166281.25917874218,254069.0809907236
2328,228401.22872858675,184775.41322460008,282327.12390818924
2329,188496.87714319408,152492.96572377413,233001.33237983962
2330,181881.94213961717,147141.51197273715,224824.60748652104
2331,360583.88373162237,291710.60828782024,445718.17839985515
2332,405802.5425678487,328292.30732418795,501612.9881219041
2333,343838.97238326096,278164.04757369147,425019.7840264375
2334,253672.48576310178,205219.7506485728,313564.9389990157
2335,284302.7198281406,229999.47726627308,351426.9886234411
2336,324378.06142127904,262420.2549423534,400964.14099692187
2337,195176.5769614764,157896.81392923932,241258.11309718774
2338,271817.88426044665,219899.2993969988,335994.4763281349
2339,218785.0578363369,176995.97264595242,270440.56963810977
2340,391227.6059978609,316501.2468018379,483596.90079740016
2341,231506.3335285587,187287.42955131945,286165.34570486064
2342,233233.44290971744,188684.65355597791,288300.2265861948
2343,228638.59537204914,184967.44181049563,282620.53295021196
2344,210831.04640068192,170561.21186446171,260608.61161093452
2345,231376.40127945621,187182.3149248773,286004.7363783734
2346,203581.53417834538,164696.38789348796,251647.4854591668
2347,189339.18329683767,153174.38775180618,234042.50749200152
2348,231172.74045424035,187017.55419987373,285752.99111731857
2349,172788.19925421875,139784.71338760873,213583.8267707213
2350,296206.4338344589,239629.53031077582,366141.1762285766
2351,250073.51921849002,202308.20231066702,309116.25442091556
2352,250610.92366700017,202742.96018058542,309780.5403631866
2353,240824.15451329132,194825.50634773172,297683.10948578233
2354,134108.66079270412,108493.13439608064,165772.02743643883
2355,147570.75650660583,119383.91148852716,182412.53155032295
2356,149167.01730346124,120675.27955553704,184385.6704227107
2357,187106.05663497504,151367.7979599634,231282.13836424562
2358,191019.40805590386,154533.6823003736,236119.4342654918
2359,137543.2843009972,111271.72992981091,170017.56749454243
2360,118402.30316819096,95786.75914380993,146357.38990753246
2361,142120.15588276033,114974.39920486753,175675.04104128003
2362,288295.00595480547,233229.21944154787,356361.8557590214
2363,134048.9783547129,108444.85156238893,165698.2539411357
2364,157675.14705878383,127558.3196562803,194902.574417733
2365,219341.97285019438,177446.5144786847,271128.97260122414
2366,195202.10100651707,157917.46277106478,241289.6633836757
2367,223395.05561494452,180725.4408706987,276138.990495473
2368,214562.47837849983,173579.92416377156,265221.0367858229
2369,217349.75403322247,175834.81808934663,268666.3897965763
2370,166138.1979766936,134404.89117291284,205363.7564363737
2371,166436.87931872954,134646.52308423753,205732.95661192707
2372,188288.8919824793,152324.70663009217,232744.24180523268
2373,282300.1832697116,228379.4338688099,348951.65205275186
2374,321854.5718772513,260378.76283717214,397844.85414655623
2375,252207.30001189144,204034.42172545556,311753.8220645668
2376,308436.38432071125,249523.5072537483,381258.6249307814
2377,367042.0972168839,296935.2750097173,453701.17973588477
2378,143625.08824126195,116191.8829610353,177535.2887794463
2379,198171.2269924971,160319.47282655016,244959.8016915856
2380,145600.33781410765,117789.85130541411,179976.89589184738
2381,169314.32881465656,136974.3672565645,209289.77355871358
2382,207615.1415597956,167959.5587848119,256633.42982112095
2383,205407.6637662634,166173.7188162951,253904.765273992
2384,252623.54380144825,204371.16114734937,312268.34124788723
2385,162135.66228271878,131166.85714210244,200416.21980485375
2386,135445.8763160122,109574.93595940401,167424.96029991412
2387,135337.56890761832,109487.31573538046,167291.08145123816
2388,100201.2957679382,81062.22303392133,123859.11438212695
2389,124798.59435039222,100961.33099088122,154263.8490497823
2390,140174.61802718297,113400.46751099842,173270.1605993723
2391,138688.93213700122,112198.55406429386,171433.7034315645
2392,117539.26492396032,95088.56494433872,145290.58784648866
2393,166938.32357460857,135052.18931415648,206352.79213978045
2394,138216.82302921487,111816.61984205343,170850.1290968338
2395,199320.6245784352,161249.33049247967,246380.5726966187
2396,141986.5766984584,114866.33422365358,175509.92373613338
2397,216447.13259246416,175104.60125542455,267550.6589239523
2398,133157.22717132577,107723.42871957217,164595.95979978665
2399,61901.28228920275,50077.67810873065,76516.44609337235
2400,59861.615976954796,48427.59690133545,73995.21341302055
2401,115400.61429091379,93358.4058503815,142647.00059130212
2402,134295.92330155894,108644.62895421279,166003.50272937983
2403,142566.45603510662,115335.45409400406,176226.71291161713
2404,146337.19879805806,118385.96864812751,180887.73017020756
2405,155545.89317596864,125835.76249253796,192270.6024908137
2406,143003.41373111436,115688.95097644972,176766.83656639856
2407,126946.5605697664,102699.02635380696,156918.95130648886
2408,143521.2752275566,116107.8986828376,177406.96545458277
2409,125877.4680807809,101834.13516329741,155597.4454771465
2410,164539.06212923635,133111.19720242554,203387.06371231345
2411,118060.67882432936,95510.38653010849,145935.10786317277
2412,152483.47987177165,123358.28340089024,188485.15167617722
2413,129339.61120158523,104634.99394428871,159877.0025438153
2414,144052.31717127378,116537.50931395138,178063.38670108642
2415,138620.89866278524,112143.51527848683,171349.6072156682
2416,125923.81144269978,101871.62674225356,155654.7305329841
2417,132381.06648936597,107095.51809148054,163636.54714252485
2418,132400.06365799156,107110.88671857145,163660.0295533905
2419,121806.14959995306,98540.4561560039,150564.8864039565
2420,126762.09126339064,102549.79148437559,156690.92869270954
2421,144716.52491429602,117074.8504996081,178884.41426730863
2422,109015.50350620302,88192.87889642801,134754.36154470374
2423,119578.62279298781,96738.39662250527,147811.43926000144
2424,156753.4371053192,126812.66029830187,193763.24822377367
2425,199801.43949030776,161638.30767249782,246974.9082806964
2426,133861.0849137092,108292.8465828826,165465.99875260924
2427,128043.05305397087,103586.08402170647,158274.3262853939
2428,173779.9224161823,140587.0131278496,214809.69633124204
2429,120936.01071450215,97836.51756855723,149489.30723629065
2430,131831.0845899903,106650.58511831833,162956.71420613653
2431,112792.41094555345,91248.38064704265,139422.9989632721
2432,144835.1283260993,117170.8001457705,179031.020011613
2433,147727.3739162677,119510.61429421754,182606.12641884648
2434,138015.313032946,111653.59912834705,170601.04247665493
2435,151183.86736001165,122306.90251095075,186878.6999165106
2436,109420.31325260738,88520.3682269627,135254.74710082676
2437,108795.0956971597,88014.56993408373,134481.9153274829
2438,125736.54410618276,101720.12827856361,155423.24927256716
2439,114221.84406722683,92404.78584780413,141189.92205216124
2440,120128.65125955203,97183.36726832122,148491.32975811785
2441,100555.88992132105,81349.08816731877,124297.42841535978
2442,106894.25957506706,86476.80174888179,132132.2907235783
2443,123361.24419786785,99798.52094647099,152487.1397145876
2444,130514.53497902193,105585.50218851882,161329.3264885742
2445,85193.42278827592,68920.91883234239,105307.87411714903
2446,135816.91928576436,109875.10811396068,167883.60672434955
2447,178247.8320992283,144201.53269904756,220332.48201344555
2448,135759.45218828766,109828.6174811447,167812.57161270743
2449,110825.46824191826,89657.13252385602,136991.65997659296
2450,145017.5514204953,117318.3796385778,179256.51330160865
2451,127960.02644813918,103518.91585739743,158171.69705104094
2452,189263.88958050843,153113.47546159293,233949.43688672927
2453,90555.58563385191,73258.88533664093,111936.04663853296
2454,115175.67447176372,93176.43051150105,142368.95235382914
2455,117879.33427811277,95363.67957810426,145710.94776719075
2456,127494.37331485597,103142.20449055209,157596.10295003923
2457,125396.47271792032,101445.01199921191,155002.88683750055
2458,124143.33597470817,100431.22980461761,153453.88380158044
2459,112307.64559241617,90856.20757716117,138823.78023651626
2460,136831.06345440153,110695.5463514356,169137.19090388052
2461,121048.5706393244,97927.57805994239,149628.4426229251
2462,131525.043879482,106402.99950979244,162578.41711105863
2463,123169.46114385613,99643.3692868974,152250.07657322544
2464,167139.81767358008,135215.1971670182,206601.85910930112
2465,137391.67760283465,111149.08076800877,169830.1663693327
2466,109607.97811707595,88672.18828904271,135486.7197457691
2467,136706.42489869735,110594.7143000116,168983.12511479226
2468,81310.41632443314,65779.58343071018,100508.08763449246
2469,78716.05055541356,63680.752766663674,97301.19064239122
2470,178809.7234842548,144656.10039448965,221027.03627177203
2471,197141.4595121874,159486.39539763826,243686.90552767392
2472,155359.87863571616,125685.27753559688,192040.66981256683
2473,118167.151292458,95596.52229540944,146066.71854115068
2474,86145.20321556667,69690.90507333107,106484.37044078538
2475,218704.9132709911,176931.13603990668,270341.50289562886
2476,112440.4043537838,90963.60883977669,138987.88341641054
2477,125375.17136548302,101427.7792974029,154976.55622372412
2478,150381.90826087966,121658.12107516831,185887.39782121417
2479,106209.94400962205,85923.19342202545,131286.40786670457
2480,151670.19293680237,122700.33779500642,187479.84723660556
2481,119913.81236630214,97009.56353472006,148225.767280854
2482,125742.73248714276,101725.13465194195,155430.89873376634
2483,115029.98738828312,93058.57029232303,142188.86846767052
2484,122321.91809932781,98957.71063683451,151202.4281372837
2485,128208.08820778884,103719.59674593952,158478.32633222223
2486,149622.36268033873,121043.65199212043,184948.52310019862
2487,163365.46604774194,132161.76305845898,201936.38093325857
2488,166116.67268948024,134387.47730884043,205337.14901669408
2489,150260.1798072275,121559.64328369303,185736.9292109157
2490,146292.53786740304,118349.83814877273,180832.52476860525
2491,92824.42057001992,75094.36296764936,114740.5547843219
2492,180243.6302988632,145816.12479344814,222799.48929502437
2493,143675.6178346693,116232.76118312392,177597.74843839073
2494,141676.12142572735,114615.1772534207,175126.1697981991
2495,89481.64780167391,72390.07428448672,110608.55147773425
2496,253498.2238081628,205078.77348221865,313349.5336981114
2497,153248.08481182333,123976.8454838568,189430.28027434094
2498,110359.53713756034,89280.19627961586,136415.7222753888
2499,91917.65759621386,74360.7956514396,113619.70456035895
2500,123458.64558601877,99877.31824738093,152607.53762548268
2501,133835.76755948266,108272.36495303005,165434.7039567533
2502,142538.9215732158,115313.1788336593,176192.6775477254
2503,103220.75218536999,83504.95019033641,127591.46616477559
2504,180190.57843905856,145773.20606877469,222733.91186116193
2505,222812.05549556838,180253.79630064568,275418.3437186969
2506,251986.1467715847,203855.5097124496,311480.45441934024
2507,289992.0679764861,234602.13526260346,358459.5950823372
2508,253804.27791647197,205326.36992950737,313727.8473542185
2509,211559.72724678388,171150.71151110565,261509.33441628097
2510,219027.43691214852,177192.05626789635,270740.17455058993
2511,174575.16349393653,141230.35971345106,215792.69427651988
2512,204714.00675798932,165612.55330267263,253047.33545436227
2513,224986.16145622628,182012.6386009893,278105.7573243652
2514,247509.10148144318,200233.599474702,305946.3762080472
2515,146176.17476691087,118255.7009047523,180688.68827437764
2516,167479.42695495684,135489.93960390196,207021.65033378536
2517,145596.74482066336,117786.94458928845,179972.45459062193
2518,153272.74704749632,123996.7971256386,189460.76527778292
2519,235708.16364205154,190686.69190384634,291359.23028088664
2520,212824.87059580497,172174.2069977669,263073.17882442154
2521,187523.73727441864,151705.6997871888,231798.43363852252
2522,227575.70641500456,184107.56925044232,281306.6953102049
2523,125065.44131667308,101177.20903017934,154593.69873548826
2524,138971.39323773544,112427.06387069842,171782.85375768546
2525,148407.64062560734,120060.947114031,183447.00448240203
2526,138792.51266580683,112282.35026321515,171561.73938171216
2527,121935.68618491602,98645.25069187186,150725.00664977744
2528,129664.43893302316,104897.77817133017,160278.5222860732
2529,138181.20223491912,111787.80277383648,170806.0982128901
2530,126628.59068656483,102441.79009626916,156525.90855430852
2531,261953.0043490313,211918.65429966577,323800.4926990212
2532,226637.94882932765,183348.92742754903,280147.53262900596
2533,194611.25283948283,157439.46916446713,240559.31563075774
2534,232552.2406860413,188133.56390912042,287458.1921328397
2535,319756.39251090906,258681.3448225901,395251.29344699666
2536,236560.27247865545,191376.0442599118,292412.5224949913
2537,242325.20353686003,196039.8485027678,299538.55703144515
2538,182606.55063855663,147727.71710817478,225720.29646124033
2539,187537.08309975412,151716.49650204898,231814.930420756
2540,178104.30941501813,144085.42346949954,220155.0735424473
2541,182752.07801944556,147845.44812864822,225900.18293893518
2542,163763.15904944658,132483.49497337313,202427.9694772395
2543,128191.61962166545,103706.27373113489,158457.96950361546
2544,120783.68178084155,97713.28412136709,149301.01335537396
2545,134684.67327351042,108959.12599681264,166484.0367892328
2546,127184.80416206304,102891.76438750901,157213.44434546086
2547,136600.3039216794,110508.86288949597,168851.94891517475
2548,148323.1603724467,119992.60295533245,183342.57839376488
2549,147327.5257464606,119187.13885764824,182111.87387035709
2550,525000.0,498447.3680968338,525000.0
2551,131287.077258498,106210.48554468201,162284.2664364826
2552,127629.18926399578,103251.27000916019,157762.74902090037
2553,73552.60988548366,59503.551641269136,90918.65871454013
2554,98337.99789833357,79554.82313230431,121555.89083332031
2555,124771.4543863665,100939.37487759971,154230.3013249244
2556,102795.6802754589,83161.06885733403,127066.03453690001
2557,108509.54550361207,87783.56106498017,134128.9465719909
2558,147894.63226109697,119645.92557034417,182812.8745533393
2559,134248.46545774236,108606.23576423117,165944.84006183912
2560,147966.56041119172,119704.11513205894,182901.78498028865
2561,144035.44038401518,116523.85606619736,178042.52529482587
2562,130424.42358234637,105512.60245912013,161217.9397402584
2563,144464.4754041704,116870.9435382125,178572.85572551217
2564,198785.39477610003,160816.33190189267,245718.9748357125
2565,130051.70901109918,105211.07798619813,160757.22704827104
2566,155678.3595010123,125942.92717543474,192434.34419000277
2567,133164.84996458064,107729.59552628077,164605.38233883353
2568,184489.1695758865,149250.74766985065,228047.40279277257
2569,200679.2701830612,162348.4688987186,248059.9952957124
2570,116477.6424412686,94229.71695654841,143978.31569614427
2571,174595.09269585833,141246.48235143948,215817.32877426926
2572,153087.8824064113,123847.2424321407,189232.25399054625
2573,203584.82179047161,164699.0475574507,251651.54927837252
2574,261452.11460307305,211513.4366658697,323181.34260119405
2575,127492.18755350323,103140.43621909007,157593.40112919683
2576,124299.43706779745,100557.51491243832,153646.84045089706
2577,132829.74106525848,107458.49387897605,164191.15403914827
2578,91424.14925309835,73961.54954055484,113009.67861875391
2579,60884.46910676395,49255.08065065683,75259.56274437407
2580,113097.40630982924,91495.12057499659,139800.0039052817
2581,124029.45934002241,100339.10410065907,153313.1208291402
2582,128609.30429607163,104044.17882262755,158974.2697655119
2583,265465.4030998221,214760.16966752545,328142.17077829514
2584,173388.0468876963,140269.98752355843,214325.29876919175
2585,182572.15675280686,147699.8926036545,225677.78215964307
2586,224086.73052108107,181285.00287228162,276993.97023753123
2587,200085.4090620295,161868.03782539413,247325.92322865687
2588,144260.5830356981,116705.99549571791,178320.82425370725
2589,147047.09396217807,118960.27075945874,181765.23198344803
2590,222141.96134682404,179711.69303826947,274590.0399630376
2591,223571.32631363388,180868.04310204167,276356.8788056614
2592,213761.27198953685,172931.7516672539,264230.6651159914
2593,250687.92036642283,202805.2501767411,309875.71602682234
2594,188056.3848332643,152136.60935398334,232456.83958679318
2595,201096.22723175684,162685.78534416467,248575.39613905715
2596,314315.408428077,254279.61227893556,388525.6899497309
2597,183788.74704420078,148684.10887710765,227181.61010583327
2598,304593.05967133335,246414.27426805082,376507.8891613929
2599,327938.77554643544,265300.85723869264,405365.5417377325
2600,145909.87598159772,118040.26634148145,180359.51619547541
2601,142199.82099038764,115038.84793169679,175773.51512580432
2602,87956.53422926008,71156.26401372244,108723.35772965493
2603,97306.6251974068,78720.44708686965,120281.0104552974
2604,91698.74715363362,74183.69805207488,113349.10923866867
2605,82527.01912785745,66763.80982634168,102011.93104681044
2606,145326.8145553089,117568.5721744018,179638.79363719
2607,206954.11748445718,167424.7931725145,255816.33758832054
2608,198138.91125880776,160293.3295380408,244919.8561949238
2609,171614.23916531494,138834.98476322545,212132.69404190208
2610,112865.80594627786,91307.75688455996,139513.72256511307
2611,123486.4587280317,99899.81895873678,152641.91746603072
2612,156115.78376162366,126296.80150662278,192975.04456555418
2613,133427.06045862607,107941.72267963328,164929.5008785911
2614,129562.79126109283,104815.54564524462,160152.8755414005
2615,150593.3865238555,121829.2060734416,186148.80622149855
2616,147372.57254284725,119223.5815207077,182167.55624080816
2617,174624.3320908972,141270.1368953124,215853.471606988
2618,201079.71926333147,162672.43046924844,248554.99062996468
2619,195731.4637611022,158345.71494544772,241944.00898354498
2620,185098.5924774643,149743.7681561975,228800.71078554878
2621,174890.79742098963,141485.70619258797,216182.84955198597
2622,178286.43765728973,144232.764428216,220380.2023655655
2623,250228.4569500623,202433.54626406208,309307.773038404
2624,312100.328504634,252487.62222026588,385787.6284055263
2625,295579.5725504978,239122.40224865283,365366.312641489
2626,176618.4215738746,142883.34664534207,218318.36674294164
2627,162293.80967376582,131294.79769610302,200611.7058842315
2628,450118.12895560515,364143.42466334935,525000.0
2629,518138.56069414766,419171.6591626371,525000.0
2630,356230.6361119861,288188.8498290148,440337.1265589811
2631,473715.55630805413,383233.64112833375,525000.0
2632,407177.0593228918,329404.2854223342,503312.0290589907
2633,293910.5670630761,237772.1840422253,363303.25401601393
2634,416411.6316148015,336875.0143870239,514726.8890837041
2635,155170.27399121545,125531.88819987723,191806.29940443137
2636,180857.8073737817,146312.99138542463,223558.67392415166
2637,176594.62070201192,142864.09184314997,218288.94647179203
2638,260363.9939363543,210633.15176203553,321836.3160306105
2639,186415.90382349526,150809.46732636157,230429.0400842521
2640,149181.46452720172,120686.96729693378,184403.52864413455
2641,107662.15010238795,87098.02185771054,133081.48063802088
2642,178983.34220678036,144796.55718860892,221241.6464727269
2643,102918.5472513322,83260.46770835225,127217.91047515893
2644,127451.56937125232,103107.57628567434,157543.19297117976
2645,108952.32855050334,88141.77063104554,134676.27094628903
2646,97655.49888913617,79002.68439157995,120712.25342265007
2647,105411.53283227517,85277.2822395917,130299.49135953016
2648,144818.77508386073,117157.57044366884,179010.8057596474
2649,149829.4989634073,121211.22434746538,185204.56437666778
2650,143175.0052786951,115827.76779482371,176978.9409752594
2651,142510.54811664548,115290.22483025474,176157.6051020366
2652,414113.31472185324,335015.685980745,511885.93827449094
2653,250064.9406288071,202301.2622687902,309105.6504213642
2654,245697.9572533289,198768.3916430347,303707.6198049375
2655,400503.9258250542,324005.7493416526,495063.3649740522
2656,311635.433385388,252111.52408349168,385212.97128610394
2657,369031.1874217951,298544.44036545657,456159.8952613977
2658,305816.43231799424,247403.97743752252,378020.1007807584
2659,304439.7008769029,246290.20766796096,376318.3222689971
2660,361348.48865425575,292329.17035669554,446663.30697648815
2661,364247.81904568546,294674.71607865987,450247.17091056146
2662,367139.0455841183,297013.70581866906,453821.0176673691
2663,293981.3855675384,237829.47590543222,363390.7928093704
2664,269745.32246199285,218222.6058838208,333432.58151870826
2665,319501.47665276664,258475.11899807068,394936.191810798
2666,285833.1647416375,231237.60056886938,353318.7724452438
2667,174255.99249858584,140972.15176138983,215398.16682893372
2668,182332.04494989172,147505.64319565825,225380.9798244706
2669,181020.85550308935,146444.89661543994,223760.21780886073
2670,277946.0232479362,224856.9372806279,343569.47239107837
2671,185755.26940338552,150275.0169434555,229612.42950449986
2672,196235.38924714812,158753.38847981888,242566.91156140875
2673,207212.39447236672,167633.73813644957,256135.59391892236
2674,198123.7246362762,160281.04362622637,244901.0840022368
2675,173979.22733661014,140748.24994475665,215056.05725592864
2676,196180.64218741353,158709.09834574853,242499.2386899556
2677,195395.82977548026,158074.18850560204,241529.13162438807
2678,258425.29744001696,209064.75469814352,319439.8921967226
2679,274531.5379034264,222094.63343412642,339348.8251285992
2680,283467.69432726206,229323.94525477616,350394.8131302735
2681,405693.68784684513,328204.24432663503,501478.43273980217
2682,337411.8512108498,272964.53439814696,417075.2159158798
2683,525000.0,470179.0607832698,525000.0
2684,327346.98079012113,264822.09784546966,404634.02390527097
2685,341621.6340399675,276370.23046315,422278.9308481805
2686,251979.6332786659,203850.24032490552,311472.4030870652
2687,318090.98609807744,257334.0382519088,393192.6836396548
2688,215444.8265934356,174293.74004586047,266311.7079125595
2689,198307.44058169017,160429.66902990444,245128.17538610584
2690,453693.54413432634,367035.9200483132,525000.0
2691,180588.8779609797,146095.42865591554,223226.250125125
2692,140021.57888757077,113276.65951027122,173080.98883247774
2693,194072.22397749007,157003.39715108095,239893.02175006352
2694,136437.2152858799,110376.9248899043,168650.35496036822
2695,190591.44457999172,154187.4617030074,235590.42837124947
2696,184169.40784720698,148992.06181708645,227652.1451393851
2697,178905.5370472986,144733.613151769,221145.4714711556
2698,189158.75482522842,153028.4219001893,233819.47975635892
2699,178516.3990577921,144418.80220464867,220664.4577825837
2700,158426.87579477,128166.46494595891,195831.78673278028
2701,148936.62327975282,120488.89178880551,184100.88023990323
2702,110678.9879166681,89538.63057552408,136810.59556383506
2703,120503.75025709342,97486.82073178196,148954.98984079395
2704,135821.85965420565,109879.10485061983,167889.7135165696
2705,117963.56753070791,95431.82391441573,145815.06853828937
2706,114637.3640511664,92740.93971409032,141703.5465389495
2707,123425.73418582308,99850.6930672493,152566.85582511598
2708,132853.3414342729,107477.58647523282,164220.32646861393
2709,101900.20218544544,82436.63096320767,125959.13356416556
2710,125423.43254920717,101466.82238588834,155036.21190017823
2711,322520.91059341386,260917.82797086443,398668.5158098805
2712,394176.8603800407,318887.18081596564,487242.47580463137
2713,174962.52505216392,141543.73353536506,216271.51211738453
2714,153254.67288864678,123982.17520945652,189438.4237998227
2715,169789.55297924948,137358.82154626184,209877.19841692192
2716,149506.66721398596,120950.05486122545,184805.51186890772
2717,192994.90558117972,156131.85123719386,238561.34787203182
2718,224498.21811084828,181617.89454915738,277502.610279606
2719,154304.1857903883,124831.22659873689,190735.7272903163
2720,177967.96616681584,143975.1223725687,219986.5395763526
2721,131861.47295438172,106675.16917341825,162994.2772805208
2722,158323.6154977547,128082.92781316822,195704.14662132948
2723,145824.78062475417,117971.42456656908,180254.3297768285
2724,127991.51279479086,103544.38817538763,158210.61734191715
2725,130545.64842894544,105610.67283467192,161367.78584159416
2726,147135.23651648455,119031.57770391312,181874.1850445996
2727,182953.51795172045,148008.41216088712,226149.1829529716
2728,170126.97152105393,137631.79168432555,210294.28166698373
2729,143752.14316509836,116294.66984380654,177692.3414425473
2730,142678.70265149663,115426.26112022529,176365.4610175215
2731,131288.84515950445,106211.91576893475,162286.45173991498
2732,129972.82017737397,105147.25726159154,160659.71251635544
2733,160348.4849530562,129721.03842741826,198207.08889845412
2734,148416.4537652369,120068.07690579817,183457.89840927479
2735,133537.94863465347,108031.43073348819,165066.5698155962
2736,141715.26137675028,114646.84130417914,175174.55071376052
2737,122611.64490710016,99192.09836874585,151560.55960797734
2738,140427.7963286926,113605.2876597319,173583.11444083595
2739,155218.3433407959,125570.77609537174,191865.71795459208
2740,132406.10540791578,107115.77446807727,163667.49776388356
2741,142492.7757327216,115275.84704867973,176135.6366482324
2742,147833.6563967203,119596.59636031192,182737.50225295077
2743,151896.23836191557,122883.20756431973,187759.2621142339
2744,157619.17494057384,127513.03845521237,194833.38725080667
2745,143329.0518002707,115952.39076319365,177169.35796756778
2746,135686.16886987528,109769.33159413381,167721.98606143543
2747,139833.0727883391,113124.1588929135,172847.9763367697
2748,116474.3905673229,94227.08620461884,143974.29605292372
2749,129896.11535876854,105085.20339575209,160564.89764676272
2750,133852.7693967919,108286.11936573312,165455.7199374521
2751,134031.91985079937,108431.05130664859,165677.16791481542
2752,192593.53276742873,155807.14237028125,238065.2107103024
2753,144666.09707385488,117034.05459522817,178822.0803852632
2754,221825.42168884416,179455.6138267379,274198.76511306147
2755,131695.77394851303,106541.11939575306,162789.4566457977
2756,97064.4107846583,78524.49667663022,119981.6090829226
2757,71496.27573389909,57839.9862240833,88376.82290857215
2758,87172.79917969355,70522.22575506168,107754.58239231727
2759,149485.92260101694,120933.27255923353,184779.86944110238
2760,122349.45509123743,98979.98794395353,151236.4666285331
2761,143347.61222659348,115967.40606765426,177192.30052102625
2762,141890.46137885042,114788.57734662152,175391.11553529048
2763,184497.38466231647,149257.39363917115,228057.55746574764
2764,142487.88805213032,115271.89293626291,176129.59498349347
2765,288354.0446286451,233276.9814728308,356434.8334970932
2766,134020.32324349132,108421.66970159211,165662.83334197346
2767,86484.92489445386,69965.7384393137,106904.30059989575
2768,130700.28554413919,105735.77359071952,161558.93286700742
2769,128182.84062917004,103699.17156425124,158447.11778603445
2770,142493.60931739467,115276.52141506778,176136.66704271748
2771,118030.22129233478,95485.74651871735,145897.45929067518
2772,113270.16724125462,91634.88341983318,140013.55379017323
2773,153730.76542372775,124367.33200711547,190026.92205128164
2774,135862.43114298984,109911.92700922335,167939.86395676614
2775,114464.13547465915,92600.79854640912,141489.4185977082
2776,140504.6433268272,113667.45654819427,173678.10505862496
2777,143509.13382361006,116098.07633966154,177391.95745830832
2778,107391.52878081489,86879.09038133781,132746.96546960686
2779,121644.70449129802,98409.84776274963,150365.32401398136
2780,98307.11255366175,79529.83702231129,121517.7134413308
2781,104842.0126680948,84816.5428948746,129595.50716298363
2782,93713.36325784886,75813.51374973063,115839.37734272558
2783,102282.64110809687,82746.02239427372,126431.86653241498
2784,122140.85482962294,98811.23123630931,150978.61572735664
2785,136979.53532035623,110815.65944756685,169320.7170612279
2786,76406.28625937643,61812.16346089494,94446.08969175561
2787,120763.80488255002,97697.2037967889,149276.4435101715
2788,77582.98644160815,62764.10880890589,95900.60945148476
2789,166003.8110374205,134296.17272142775,205197.64066485106
2790,96021.09872358243,77680.46174057604,118691.9704550773
2791,109563.64249890886,88636.32096608086,135431.91646311682
2792,65869.56421450057,53288.00098912542,81421.64162208782
2793,144182.2788214031,116642.64772569685,178224.0323701995
2794,94398.75567961871,76367.99324868704,116686.59130231052
2795,118716.85566414153,96041.23074987144,146746.20842540206
2796,101521.18479815628,82130.00753942195,125490.62995770955
2797,193161.1926270833,156266.3767366989,238766.89538337413
2798,108457.89334570264,87741.77469307416,134065.09931043154
2799,110828.7946038793,89659.82353626718,136995.77169449136
2800,69165.27850598062,55954.219568438784,85495.47591884795
2801,109184.55190837344,88329.63832118615,134963.3223700868
2802,131375.8033836721,106282.26459543928,162393.94084991317
2803,171177.8367050672,138481.93706410343,211593.25671435712
2804,122874.69314655938,99404.90325450762,151885.713685314
2805,101585.74892462644,82182.23963793757,125570.43771089814
2806,87323.82626437632,70644.40601207053,107941.26705697735
2807,150373.13540485915,121651.02387266626,185876.55368893323
2808,147147.38471621065,119041.40554484542,181889.20144114105
2809,135180.37736867258,109360.14846158751,167096.77690118263
2810,129547.57389794686,104803.23486440636,160134.0653502227
2811,154791.5099779056,125225.4697545427,191338.10899369424
2812,153677.97460335682,124324.62446221268,189961.66728841062
2813,156382.5518964418,126512.61577160917,193304.7968076446
2814,157775.04566968695,127639.13719957467,195026.05914708227
2815,101082.95190505302,81775.47902805229,124948.93003107826
2816,231310.92740751468,187129.34684621787,285923.804088294
2817,151851.935985521,122847.36713380781,187704.4999217554
2818,128946.81974514782,104317.22735825414,159391.47280270705
2819,173637.26962525817,140471.6076382002,214633.3631358259
2820,136207.41150835284,110191.01462977557,168366.2943811988
2821,106727.61749458284,86341.9890279396,131926.3043537904
2822,179128.68502151672,144914.13889586477,221421.30480809635
2823,358528.4918729552,290047.805181521,443177.5073626944
2824,179616.3480238089,145308.65615135516,222024.10532060883
2825,131665.55743128143,106516.67436426069,162752.1059917847
2826,136325.216548951,110286.31839709287,168511.91325840566
2827,134747.37351920787,109009.85022386056,166561.54059834575
2828,220684.74036927655,178532.80758252885,272788.768289811
2829,214023.13288260825,173143.59599493345,264554.3515137876
2830,226911.2237295395,183570.00563754083,280485.3278874738
2831,176786.51565345694,143019.33402726217,218526.14792963467
2832,254957.0975620752,206258.99602687592,315152.84836913605
2833,287362.55853560456,232474.87352032124,355209.2569776021
2834,216750.6780826203,175350.16824149893,267925.87167574384
2835,223338.13237500962,180679.39021627713,276068.62764644535
2836,188648.92433905185,152615.9712463027,233189.27800449915
2837,162348.40586858857,131338.96578111345,200679.19227148188
2838,149381.05390378277,120848.43423763604,184650.24118523282
2839,179833.36022935808,145484.21808518807,222292.35423043312
2840,198157.74020399523,160308.56207309925,244943.1306647026
2841,200901.69157348297,162528.40683967186,248334.9305020122
2842,230863.76172404306,186767.59174615185,285371.062334444
2843,146397.98336835453,118435.1431020779,180962.86601187557
2844,164469.673790884,133055.0623374037,203301.2927480931
2845,129808.48155529329,105014.30802851543,160456.57345280092
2846,206001.15760007035,166653.85275584646,254638.38333710167
2847,197094.93466453254,159448.7569975082,243629.39613721558
2848,223514.7976137625,180822.3116288217,276287.0036478291
2849,196438.91491097066,158918.03985984097,242818.48974938897
2850,281974.28898069414,228115.78680130866,348548.81393806764
2851,222561.02351780125,180050.71251851847,275108.04294922337
2852,236373.2471017927,191224.7415405336,292181.3403210396
2853,239371.5220280694,193650.33296239754,295887.5096505104
2854,142184.3372157137,115026.32162508694,175754.37562318632
2855,202041.70871241041,163450.67576462138,249744.10633119836
2856,199761.2143005767,161605.76566832757,246925.18590095502
2857,187734.14430233167,151875.91816093866,232058.5178845409
2858,203549.41268356287,164670.40174341245,251607.78006132744
2859,124466.39230256005,100692.5809738346,153853.2139108653
2860,124147.57162307024,100434.65642578668,153459.11948891263
2861,125176.7620205948,101267.2669972263,154731.30232046774
2862,182241.78241156688,147432.62119332032,225269.4062498768
2863,124308.53928979639,100564.87857058956,153658.0917126499
2864,234411.42007805977,189637.6319802183,289756.3248291764
2865,129188.35196315376,104512.62587590326,159690.03091377538
2866,143224.5746707408,115867.86921817198,177040.21372875854
2867,99443.97007273526,80449.54982849167,122922.98366263128
2868,105382.09380751514,85253.46619613944,130263.1017644003
2869,104983.25976025201,84930.81118031338,129770.1027733602
2870,128133.66217045923,103659.38640427675,158386.32826545136
2871,85990.83958209107,69566.02556280828,106293.56146627836
2872,55660.706963370365,45029.07971464272,68802.46740911149
2873,106930.27028478227,86505.93425698334,132176.80358219222
2874,133452.8602789323,107962.59462245346,164961.39205104054
2875,115832.9123561195,93708.13311170157,143181.36447381793
2876,163022.13709526166,131884.0114237722,201511.99182122276
2877,135093.00095451923,109289.46132119682,166988.77086630696
2878,164048.5420199602,132714.36855976685,202780.7315282447
2879,137721.37491589785,111415.80446548195,170237.70540418732
2880,100458.55224301432,81270.3424073967,124177.10925623908
2881,146292.45854363407,118349.7739761874,180832.4267164496
2882,163600.55299132795,132351.94737703397,202226.97203697677
2883,190882.14387191538,154422.63617038276,235949.76193015173
2884,187007.70583061554,151288.23258545517,231160.566879439
2885,168230.03865048807,136097.18121269342,207949.48187449557
2886,217094.48333462892,175628.30520044002,268350.8495418956
2887,97645.60797266469,78994.68268301836,120700.02725521434
2888,134619.46232247987,108906.37062003081,166403.4294958399
2889,58764.58541226752,47540.10392865719,72639.17331252685
2890,82994.63971325755,67142.11285342331,102589.95711648485
2891,133762.34311763573,108212.9648977722,165343.94396272418
2892,52252.43336571328,42271.801144425524,64589.49849042465
2893,89538.84902031175,72436.3498224743,110679.25793639352
2894,65178.367469127974,52728.82581752833,80567.25293481987
2895,296603.21923655027,239950.52798153608,366631.6428881631
2896,268374.09102119633,217113.28559066265,331737.60156041704
2897,196743.12528157124,159164.14473131354,243194.52436027335
2898,155274.36871433546,125616.1003797705,191934.9709504614
2899,203783.00117718763,164859.37382246257,251896.5189302024
2900,159961.7434805598,129408.1662521734,197729.03754591168
2901,201182.65825492825,162755.70766734798,248682.2335756062
2902,189162.74668801716,153031.65129988606,233824.41410020628
2903,334383.6756481923,270514.7534910301,413332.08639289404
2904,356300.52399421844,288245.3888228707,440423.51500967355
2905,86227.18720479525,69757.22976532653,106585.71089616648
2906,193757.4063989349,156748.71109434112,239503.8755634367
2907,111947.45539365584,90564.81526730469,138378.5489284323
2908,135351.6717440429,109498.72486893111,167308.51397530636
2909,153509.06284551683,124187.97558212567,189752.87536916157
2910,82793.57833890402,66979.45507290226,102341.4250381088
2911,87927.18684286653,71132.52210531154,108687.08140876165
2912,145875.15129601766,118012.17422133204,180316.59299202118
2913,87456.0692168096,70751.38998749349,108104.73264515658
2914,81364.3000015215,65823.17509196131,100574.69327816903
2915,88168.78753045085,71327.97601455284,108985.72415511445
2916,88247.14089341214,71391.36354563196,109082.57679131639
2917,170175.4818714753,137671.03634758922,210354.24533853296
2918,119002.78449790213,96272.54593726638,147099.64521827508
2919,216609.12186890762,175235.6498780614,267750.893960038
